ttp,Nitro,Scarab,FIN7,Waterbug,Hidden Cobra,TA505,Quedagh,Tick,TwoForOne,Patchwork,APT28,APT1,MageCart,SEA,Darkhotel,Energetic Bear,MuddyWater,Rocke,APT29,Molerats,Silence
T1005,0.04407598823308945,0.042091961950063705,0.057888031005859375,0.045771051198244095,0.031007805839180946,0.04945416748523712,0.036263227462768555,0.037035007029771805,0.03806542977690697,0.059615910053253174,0.04776965081691742,0.04371245577931404,0.06344117224216461,0.0596732422709465,0.050313737243413925,0.052859362214803696,0.04578511789441109,0.0496026948094368,0.05594272166490555,0.04574594274163246,0.04388536140322685
T1119,0.03473549708724022,0.03928539529442787,0.036297187209129333,0.05939042940735817,0.02258032187819481,0.046115025877952576,0.030370870605111122,0.03896630182862282,0.03905259072780609,0.07429028302431107,0.04477792605757713,0.04423325136303902,0.06882145255804062,0.08033289760351181,0.04347824677824974,0.052652765065431595,0.04591776058077812,0.05325843766331673,0.04902472347021103,0.050904881209135056,0.04551391676068306
T1039,0.031429074704647064,0.03394613042473793,0.02953677624464035,0.065779909491539,0.026037391275167465,0.044510263949632645,0.036648549139499664,0.04463919252157211,0.045638665556907654,0.0626683384180069,0.034623708575963974,0.04785441607236862,0.05679951608181,0.0816882774233818,0.04672569781541824,0.06293822824954987,0.04381445795297623,0.04999428987503052,0.05614246428012848,0.0576772578060627,0.04090741649270058
T1074,0.037857942283153534,0.040485136210918427,0.046940211206674576,0.0564410537481308,0.024015771225094795,0.04882039129734039,0.032524921000003815,0.03750566393136978,0.03908460959792137,0.07195419818162918,0.04171755909919739,0.04500000923871994,0.07118676602840424,0.07469869405031204,0.04333212599158287,0.051618993282318115,0.04423966631293297,0.05101369693875313,0.04883671551942825,0.0482228621840477,0.044502921402454376
T1189,0.03971007093787193,0.04252563789486885,0.04659799113869667,0.059053707867860794,0.03729075565934181,0.04064513370394707,0.0331154391169548,0.04147740826010704,0.039840538054704666,0.06531407684087753,0.045540302991867065,0.03826100006699562,0.046067867428064346,0.06815389543771744,0.042781416326761246,0.044671207666397095,0.05620601400732994,0.04873961582779884,0.049840547144412994,0.055781930685043335,0.058385416865348816
T1190,0.03989715129137039,0.04315037280321121,0.0534326508641243,0.05652948096394539,0.042711056768894196,0.05042574927210808,0.03707142919301987,0.04787463694810867,0.04169641435146332,0.050443075597286224,0.04001166298985481,0.047659337520599365,0.05842256918549538,0.06119675934314728,0.04111243039369583,0.047573331743478775,0.047252971678972244,0.04402206093072891,0.04823017120361328,0.05083088576793671,0.05045580863952637
T1566,0.03466413915157318,0.04078126326203346,0.049366872757673264,0.04665377363562584,0.05890136957168579,0.0531073734164238,0.043887827545404434,0.048273779451847076,0.034798722714185715,0.03785549849271774,0.05963703244924545,0.04167003929615021,0.048183292150497437,0.07407910376787186,0.042731739580631256,0.04245235398411751,0.05537031590938568,0.037278518080711365,0.040786195546388626,0.05105562508106232,0.058465246111154556
T1195,0.03580126166343689,0.035646118223667145,0.04153669252991676,0.0651991069316864,0.05160128325223923,0.05707306042313576,0.03637101501226425,0.052030496299266815,0.04865197837352753,0.04586367681622505,0.031374868005514145,0.05092322453856468,0.06220874562859535,0.06030246987938881,0.04056393727660179,0.05046716332435608,0.046920403838157654,0.03819342702627182,0.04880101606249809,0.05610977113246918,0.044360313564538956
T1219,0.02833705209195614,0.032271724194288254,0.027421189472079277,0.05358400195837021,0.030677348375320435,0.05426836758852005,0.05023721605539322,0.04556144028902054,0.04834173992276192,0.05466626212000847,0.031102411448955536,0.0468079037964344,0.05846129730343819,0.08259180188179016,0.04722683131694794,0.06974870711565018,0.0470869280397892,0.04201711714267731,0.04861726239323616,0.0626063197851181,0.038367029279470444
T1090,0.04426947981119156,0.03964122384786606,0.06895065307617188,0.05093636363744736,0.03941043093800545,0.058107249438762665,0.034496285021305084,0.03904510289430618,0.036465927958488464,0.051070310175418854,0.043609343469142914,0.042110756039619446,0.07680017501115799,0.05210494250059128,0.04265478625893593,0.04660218581557274,0.04088325798511505,0.045168373733758926,0.058478087186813354,0.04166211932897568,0.047532979398965836
T1572,0.038094162940979004,0.045039836317300797,0.053243327885866165,0.05081484839320183,0.029506921768188477,0.04836104065179825,0.040438637137413025,0.03872794657945633,0.038486458361148834,0.06656201183795929,0.03463630750775337,0.03996797651052475,0.0662747472524643,0.0655951276421547,0.040389399975538254,0.053481169044971466,0.04489657282829285,0.048628609627485275,0.05726554989814758,0.04956277087330818,0.050026629120111465
T1001,0.030358051881194115,0.0411551259458065,0.04205711558461189,0.06556464731693268,0.02559615485370159,0.047944992780685425,0.03208885341882706,0.03689873591065407,0.038418740034103394,0.07882232964038849,0.03315539285540581,0.03929605334997177,0.07062471657991409,0.08647004514932632,0.03308119252324104,0.04870126023888588,0.04837799444794655,0.04583760350942612,0.04910149797797203,0.055294156074523926,0.05115533620119095
T1104,0.026220809668302536,0.03554915636777878,0.0416315421462059,0.06516726315021515,0.03142279013991356,0.06249931827187538,0.032561689615249634,0.03873472288250923,0.037702374160289764,0.059871841222047806,0.034952711313962936,0.039064325392246246,0.08435291051864624,0.08714983612298965,0.03269866481423378,0.04732854291796684,0.052860770374536514,0.03450615704059601,0.047699738293886185,0.05795507878065109,0.050069667398929596
T1071,0.03746183589100838,0.041225094348192215,0.05491921678185463,0.05986642464995384,0.03654494509100914,0.05360658839344978,0.03320777043700218,0.0398414209485054,0.03739641606807709,0.059539731591939926,0.04405386000871658,0.04103423282504082,0.0756809189915657,0.06674818694591522,0.036278631538152695,0.04318483918905258,0.04502250626683235,0.043818701058626175,0.048482175916433334,0.04717716574668884,0.05490938201546669
T1205,0.032592542469501495,0.0356576144695282,0.047671426087617874,0.05702328681945801,0.03162534162402153,0.05534394457936287,0.039766035974025726,0.042602986097335815,0.041431132704019547,0.05930508300662041,0.029447123408317566,0.04625268653035164,0.07426601648330688,0.07517440617084503,0.03855618089437485,0.05972001701593399,0.041177500039339066,0.043177615851163864,0.05836065486073494,0.05211661756038666,0.03873182460665703
T1078,0.03230208903551102,0.033089980483055115,0.05238065496087074,0.05412360653281212,0.04182296246290207,0.06098897382616997,0.042058736085891724,0.047998469322919846,0.04116414859890938,0.04262274131178856,0.036487776786088943,0.0497908741235733,0.06454745680093765,0.06538306921720505,0.044524870812892914,0.0585818774998188,0.043646663427352905,0.03935788944363594,0.05559525266289711,0.05069103091955185,0.042840760201215744
T1554,0.03131095692515373,0.03698408603668213,0.02051416039466858,0.05791742354631424,0.06463101506233215,0.05112450569868088,0.06080099940299988,0.058613371104002,0.06764376163482666,0.044614773243665695,0.020792199298739433,0.05540460720658302,0.04143991693854332,0.0634152814745903,0.04199374094605446,0.060500532388687134,0.05107751861214638,0.03260532394051552,0.03463377803564072,0.0694991871714592,0.03448283672332764
T1133,0.039302900433540344,0.04288933798670769,0.061491601169109344,0.05125073716044426,0.03681878373026848,0.047537315636873245,0.04754575341939926,0.0450458824634552,0.04292893409729004,0.052110206335783005,0.03280492499470711,0.04653272405266762,0.05150279775261879,0.06028652936220169,0.04467848688364029,0.05736555904150009,0.043165795505046844,0.04684210941195488,0.055452775210142136,0.049593281000852585,0.04485352337360382
T1021,0.028668172657489777,0.04278060793876648,0.04229775071144104,0.051597028970718384,0.03393595665693283,0.04535670951008797,0.05380115285515785,0.04832562431693077,0.04165669158101082,0.05838543176651001,0.027920911088585854,0.04409101977944374,0.044498126953840256,0.08738932758569717,0.038490597158670425,0.06471271812915802,0.04807782173156738,0.043091047555208206,0.05000532045960426,0.05939335748553276,0.04552464559674263
T1080,0.04082583263516426,0.03390130773186684,0.04369674250483513,0.0562947615981102,0.058553267270326614,0.05569961294531822,0.04250615835189819,0.04400293529033661,0.047007132321596146,0.04132077842950821,0.046808116137981415,0.04195452481508255,0.04337397962808609,0.05150650069117546,0.05346519872546196,0.05047127604484558,0.0518917515873909,0.041281040757894516,0.055161505937576294,0.05593542009592056,0.04434216767549515
T1563,0.030716024339199066,0.0467282310128212,0.036011334508657455,0.042527344077825546,0.02805493026971817,0.039139118045568466,0.05741404369473457,0.04413687065243721,0.04056916758418083,0.06444999575614929,0.03131933882832527,0.04131773114204407,0.03898025304079056,0.10631424188613892,0.03943849354982376,0.0672675222158432,0.050191424787044525,0.04642034322023392,0.04704887047410011,0.06008053943514824,0.0418742410838604
T1570,0.03407203406095505,0.039091963320970535,0.04560606926679611,0.04441011697053909,0.036903705447912216,0.0534994900226593,0.05614577978849411,0.04589115083217621,0.04581634700298309,0.051123667508363724,0.02804434671998024,0.04727908596396446,0.04882067069411278,0.06667174398899078,0.048132024705410004,0.06900700181722641,0.045988116413354874,0.04299108684062958,0.05579381808638573,0.056992437690496445,0.037719257175922394
T1210,0.036439716815948486,0.03970049321651459,0.047086361795663834,0.05826195701956749,0.04411596432328224,0.05133269727230072,0.039812058210372925,0.045020852237939835,0.04372039809823036,0.05258946493268013,0.03675512596964836,0.04373811185359955,0.05278359353542328,0.0642639547586441,0.042234282940626144,0.05340937152504921,0.05168215185403824,0.04151143133640289,0.05268225818872452,0.05652030557394028,0.046339426189661026
T1127,0.044439397752285004,0.036039624363183975,0.03821903467178345,0.06255537271499634,0.03536419942975044,0.04653652757406235,0.02873787097632885,0.03680349141359329,0.04909209907054901,0.06566400825977325,0.050941288471221924,0.042648013681173325,0.05305800586938858,0.06233840435743332,0.05248159170150757,0.04540494456887245,0.055317703634500504,0.045502178370952606,0.047134000808000565,0.05641738325357437,0.045304857194423676
T1497,0.03866814821958542,0.04464145377278328,0.051231514662504196,0.06814423203468323,0.03247084841132164,0.044536489993333817,0.02878618612885475,0.04417862370610237,0.03857271745800972,0.06492868065834045,0.04336400702595711,0.04646329581737518,0.06692815572023392,0.07169204205274582,0.03631880506873131,0.04494068771600723,0.04063969478011131,0.05192689597606659,0.046452656388282776,0.044988811016082764,0.050126031041145325
T1550,0.035585399717092514,0.03575526550412178,0.04923209920525551,0.053890641778707504,0.03693689778447151,0.05615406855940819,0.038878653198480606,0.040776629000902176,0.04052538052201271,0.05212268978357315,0.03917570039629936,0.04212287440896034,0.06207656487822533,0.07113664597272873,0.04472210258245468,0.05498083308339119,0.050603125244379044,0.04000883921980858,0.056452054530382156,0.054785843938589096,0.04407762736082077
T1211,0.05135524645447731,0.05810198560357094,0.06303443014621735,0.06155902147293091,0.04085296392440796,0.0364033579826355,0.03670355677604675,0.05215686932206154,0.04204944893717766,0.0650489404797554,0.02607322670519352,0.04729967564344406,0.047768156975507736,0.042631521821022034,0.032014913856983185,0.04766271635890007,0.03655603528022766,0.05856689438223839,0.0567881315946579,0.04417843371629715,0.053194474428892136
T1556,0.02560821920633316,0.03051231987774372,0.0371660552918911,0.054595526307821274,0.0282992422580719,0.06796678900718689,0.04027409851551056,0.04176827892661095,0.042189233005046844,0.05922224745154381,0.023512570187449455,0.04677443578839302,0.08835272490978241,0.07825295627117157,0.037073489278554916,0.06719812750816345,0.04209446534514427,0.039114050567150116,0.05857488140463829,0.056160613894462585,0.035289693623781204
T1553,0.04200206696987152,0.0442751981317997,0.03493072837591171,0.07751461118459702,0.031955815851688385,0.0424313098192215,0.030471740290522575,0.0412360355257988,0.046769388020038605,0.0766572430729866,0.044892773032188416,0.0430464968085289,0.05978147312998772,0.0628974512219429,0.038422245532274246,0.04314034432172775,0.04229085519909859,0.055302321910858154,0.044109564274549484,0.04885562136769295,0.04901675879955292
T1548,0.04483632370829582,0.03799409046769142,0.04081876948475838,0.07372041046619415,0.03748255968093872,0.04490921273827553,0.02957499586045742,0.0424148291349411,0.05142103135585785,0.06799086928367615,0.03767558932304382,0.04592957720160484,0.05584902688860893,0.05252452567219734,0.04395664483308792,0.04762501269578934,0.04694640636444092,0.04617893323302269,0.05074802413582802,0.0551152341067791,0.04628791660070419
T1041,0.030100142583251,0.040805988013744354,0.044379718601703644,0.052178218960762024,0.037201542407274246,0.05669055134057999,0.041853033006191254,0.04406218230724335,0.03828240558505058,0.05712310969829559,0.03422486409544945,0.0444846972823143,0.07336892187595367,0.08110576868057251,0.03591880574822426,0.05284563824534416,0.0475345216691494,0.039537496864795685,0.046522609889507294,0.053502000868320465,0.0482778437435627
T1048,0.03344132751226425,0.04412886127829552,0.047415316104888916,0.042585182934999466,0.02031082846224308,0.04633214697241783,0.04501330479979515,0.034857336431741714,0.037095051258802414,0.08082651346921921,0.03195559233427048,0.04212789610028267,0.06910410523414612,0.07760806381702423,0.04052978754043579,0.06502025574445724,0.042157288640737534,0.053343579173088074,0.05693136528134346,0.04855955392122269,0.040656641125679016
T1029,0.03247439116239548,0.04112061485648155,0.0560372956097126,0.047265179455280304,0.0322546511888504,0.05550779402256012,0.04715127870440483,0.03738794103264809,0.036027152091264725,0.05648816376924515,0.036391109228134155,0.03915593400597572,0.06843525916337967,0.07323136180639267,0.03938513249158859,0.057308707386255264,0.049885448068380356,0.04108100011944771,0.0550401471555233,0.05329681560397148,0.04507458955049515
T1567,0.033464446663856506,0.04206454008817673,0.05079185962677002,0.04855670779943466,0.021965153515338898,0.0511910654604435,0.0382658988237381,0.03832875192165375,0.03506843000650406,0.075908362865448,0.03487046808004379,0.045179471373558044,0.0837547704577446,0.06933221220970154,0.0371459424495697,0.05602861940860748,0.03985578939318657,0.05190460383892059,0.054700177162885666,0.04526476562023163,0.04635806381702423
T1020,0.033664993941783905,0.04250255972146988,0.04760037735104561,0.05114007741212845,0.02118004858493805,0.042656149715185165,0.03927081823348999,0.034890420734882355,0.03868001326918602,0.08111944794654846,0.03411616012454033,0.04061032459139824,0.06121283024549484,0.0841764286160469,0.040208812803030014,0.059874650090932846,0.044784218072891235,0.052505362778902054,0.05418747290968895,0.051968831568956375,0.04365011677145958
T1203,0.030310969799757004,0.0397011823952198,0.03784480318427086,0.060355156660079956,0.050142426043748856,0.05643804371356964,0.04698485881090164,0.05407676473259926,0.04463057965040207,0.04767284169793129,0.030443614348769188,0.048012569546699524,0.060427356511354446,0.07008908689022064,0.03559938445687294,0.05106065794825554,0.04864361882209778,0.03665231540799141,0.04251420125365257,0.05835767090320587,0.05004198104143143
T1204,0.033275000751018524,0.038518618792295456,0.05434002727270126,0.053062718361616135,0.04590742662549019,0.05969534069299698,0.038917891681194305,0.044556424021720886,0.03634108975529671,0.04379633814096451,0.04830535501241684,0.04391589015722275,0.06525265425443649,0.07358188182115555,0.040501657873392105,0.04577787220478058,0.049555208534002304,0.03781653568148613,0.04517174884676933,0.05011444538831711,0.051595840603113174
T1059,0.034830860793590546,0.04554293304681778,0.05758167803287506,0.05418996885418892,0.038697924464941025,0.047783344984054565,0.03954051434993744,0.04449502378702164,0.036991216242313385,0.053156573325395584,0.04268103465437889,0.04339245334267616,0.05813278630375862,0.07799121737480164,0.03829026594758034,0.046626195311546326,0.049362391233444214,0.0429745614528656,0.043896328657865524,0.050102490931749344,0.05374033749103546
T1018,0.030051641166210175,0.03683242201805115,0.03803936392068863,0.07600704580545425,0.028590643778443336,0.04676307737827301,0.030531570315361023,0.0376063697040081,0.039170410484075546,0.07709122449159622,0.04025272652506828,0.03803623840212822,0.06892060488462448,0.09089472889900208,0.03301364183425903,0.043866246938705444,0.04732152447104454,0.043398987501859665,0.04422908276319504,0.05471117049455643,0.05467124283313751
T1049,0.02621326968073845,0.04130035638809204,0.03249737247824669,0.05882978439331055,0.02572677470743656,0.04467340186238289,0.036940790712833405,0.04042687639594078,0.03678113967180252,0.07566738873720169,0.032091859728097916,0.039179932326078415,0.06682830303907394,0.11083243787288666,0.0325191393494606,0.05512680485844612,0.0463455468416214,0.04558582603931427,0.046525757759809494,0.05720590800046921,0.048701219260692596
T1016,0.03397861495614052,0.04205066338181496,0.0479314960539341,0.06201450154185295,0.036538586020469666,0.055044010281562805,0.03456589952111244,0.040776342153549194,0.03762687370181084,0.06262331455945969,0.03723690286278725,0.041793931275606155,0.0806242972612381,0.07625343650579453,0.034047454595565796,0.04628476873040199,0.041605737060308456,0.04460549354553223,0.04707002267241478,0.04722059145569801,0.050107069313526154
T1046,0.03289937227964401,0.04402492567896843,0.044573038816452026,0.059028081595897675,0.02730776183307171,0.055340930819511414,0.03226499259471893,0.03827386349439621,0.03768806532025337,0.07474299520254135,0.03628621622920036,0.04059671610593796,0.09160804748535156,0.07209346443414688,0.03309851139783859,0.04678803309798241,0.04052676260471344,0.048051100224256516,0.05000562220811844,0.04587429016828537,0.04892723634839058
T1007,0.03878750652074814,0.03640558943152428,0.040608346462249756,0.06002136319875717,0.05754750221967697,0.0642673596739769,0.03700501471757889,0.04468497633934021,0.04292183741927147,0.04373776912689209,0.0525633841753006,0.04795771464705467,0.08233299851417542,0.06219516694545746,0.040056969970464706,0.04121920093894005,0.04047268256545067,0.03920751065015793,0.040719203650951385,0.04356050491333008,0.043727386742830276
T1587,0.02778768539428711,0.047272343188524246,0.04541477933526039,0.04875114932656288,0.01839420385658741,0.038792259991168976,0.04009617865085602,0.03637039661407471,0.035379692912101746,0.0858214944601059,0.0321432389318943,0.03679690510034561,0.052093710750341415,0.10187569260597229,0.03646686673164368,0.0584658645093441,0.05018891766667366,0.05236111581325531,0.04842400923371315,0.05602708086371422,0.05107644945383072
T1584,0.040523286908864975,0.05562473088502884,0.07345975190401077,0.04717419669032097,0.0383237823843956,0.04414992406964302,0.04151027649641037,0.03963039815425873,0.03407326713204384,0.06747815012931824,0.03603130578994751,0.03655816242098808,0.05507426708936691,0.060496628284454346,0.03587706759572029,0.04293305054306984,0.0476112999022007,0.04864150285720825,0.0499308705329895,0.044832419604063034,0.06006563454866409
T1588,0.035466551780700684,0.05413738638162613,0.06427988409996033,0.039272211492061615,0.03352756053209305,0.04457267001271248,0.0522150993347168,0.04266158863902092,0.036358315497636795,0.06216210126876831,0.028960220515727997,0.04344458505511284,0.05250217765569687,0.07476531714200974,0.038022320717573166,0.058294761925935745,0.04479920491576195,0.04834544658660889,0.04992254823446274,0.047203581780195236,0.04908648505806923
T1583,0.04107170179486275,0.05696146935224533,0.06861328333616257,0.05207917094230652,0.032849233597517014,0.04033125191926956,0.04198731109499931,0.03625393286347389,0.034251581877470016,0.07591646909713745,0.040253713726997375,0.03415385261178017,0.05366681516170502,0.06469803303480148,0.03527276590466499,0.04194397106766701,0.04734783247113228,0.050503652542829514,0.045888081192970276,0.044198568910360336,0.061757367104291916
T1555,0.034852784126996994,0.04424670711159706,0.04268653318285942,0.04058314859867096,0.0390893779695034,0.05942724272608757,0.05562425032258034,0.04215094819664955,0.049622055143117905,0.060260992497205734,0.023869352415204048,0.05411728098988533,0.06623921543359756,0.06040474399924278,0.04239664599299431,0.06185687705874443,0.04694971442222595,0.04242999851703644,0.0459517277777195,0.05168857052922249,0.03555179014801979
T1056,0.030425943434238434,0.034780267626047134,0.04806835949420929,0.05311813950538635,0.0328906886279583,0.06145021319389343,0.03716035187244415,0.044514238834381104,0.03689981997013092,0.050294164568185806,0.03797895461320877,0.04566413536667824,0.08088366687297821,0.07650099694728851,0.038679659366607666,0.05442739278078079,0.044921621680259705,0.039746806025505066,0.053454820066690445,0.05160810425877571,0.04653166979551315
T1552,0.04107074439525604,0.04505537077784538,0.0505613349378109,0.04723833128809929,0.028782136738300323,0.04553067311644554,0.044102743268013,0.04000088572502136,0.04278922453522682,0.0655021220445633,0.034910447895526886,0.048905592411756516,0.05999566987156868,0.0661873146891594,0.04497621953487396,0.058895692229270935,0.041729886084795,0.053264372050762177,0.053763870149850845,0.04642844572663307,0.04030889272689819
T1040,0.029655221849679947,0.03854599967598915,0.035454701632261276,0.04899346083402634,0.03066362626850605,0.05206296220421791,0.053274285048246384,0.04010647162795067,0.044391144067049026,0.06751851737499237,0.026140080764889717,0.04359322413802147,0.06055815517902374,0.08315116167068481,0.04015710949897766,0.06498610973358154,0.04656202346086502,0.04508379474282265,0.0517924502491951,0.05840116739273071,0.03890829533338547
T1125,0.01960994489490986,0.05186513811349869,0.022291800007224083,0.06133843585848808,0.019256550818681717,0.02998111955821514,0.039079662412405014,0.050327640026807785,0.03223508223891258,0.08317810297012329,0.03529730066657066,0.039533231407403946,0.04250919818878174,0.14043648540973663,0.02701767161488533,0.05291241779923439,0.046583980321884155,0.05175057053565979,0.034114859998226166,0.05739716440439224,0.06328361481428146
T1113,0.03044399805366993,0.045505620539188385,0.04024028778076172,0.05736205354332924,0.029622254893183708,0.044278647750616074,0.036341212689876556,0.043364182114601135,0.03640824183821678,0.06893135607242584,0.04545019194483757,0.04082564264535904,0.060699522495269775,0.09716971218585968,0.0341208279132843,0.045041222125291824,0.048984140157699585,0.04624496027827263,0.03886685520410538,0.05293610692024231,0.057162974029779434
T1114,0.0356399342417717,0.03497852757573128,0.02715430036187172,0.06973250210285187,0.026491286233067513,0.04451165348291397,0.025426436215639114,0.03725164383649826,0.044160716235637665,0.07474017888307571,0.05587232485413551,0.04383963719010353,0.05764545500278473,0.08191338181495667,0.04676937311887741,0.046670231968164444,0.05360997095704079,0.04783398658037186,0.04217178747057915,0.05644664168357849,0.04714006558060646
T1530,0.028222233057022095,0.03714842349290848,0.023617420345544815,0.06292728334665298,0.023923669010400772,0.04621680825948715,0.04282014071941376,0.042812637984752655,0.052620213478803635,0.07011757045984268,0.040431711822748184,0.05368710681796074,0.056315042078495026,0.09021230041980743,0.04445914179086685,0.057113099843263626,0.04698869585990906,0.049078233540058136,0.03670115768909454,0.05497368052601814,0.039613403379917145
T1543,0.04865148663520813,0.025453226640820503,0.045924074947834015,0.06860681623220444,0.06426426768302917,0.07716208696365356,0.025340979918837547,0.04464256763458252,0.04779965057969093,0.028393346816301346,0.05874514952301979,0.051756344735622406,0.08626832813024521,0.04010416939854622,0.05004670098423958,0.03894919157028198,0.03996962308883667,0.03242301940917969,0.048412732779979706,0.04205402731895447,0.03503217175602913
T1546,0.03892229497432709,0.029615841805934906,0.026969395577907562,0.0851329118013382,0.03111947886645794,0.051200997084379196,0.024947933852672577,0.039779942482709885,0.05442233383655548,0.06446927785873413,0.04111709073185921,0.048160869628190994,0.07566642016172409,0.06305552273988724,0.04513408616185188,0.04794161021709442,0.04512069746851921,0.045602720230817795,0.04770544171333313,0.055655013769865036,0.038260139524936676
T1547,0.04835696145892143,0.03727683797478676,0.044769663363695145,0.06807440519332886,0.03766811639070511,0.04770858213305473,0.0275567676872015,0.04020056873559952,0.047340862452983856,0.05680811405181885,0.05230468139052391,0.046953532844781876,0.0623948760330677,0.056714583188295364,0.04790675267577171,0.0432293638586998,0.04686848819255829,0.047375407069921494,0.047850750386714935,0.048644255846738815,0.043996430933475494
T1136,0.03707918897271156,0.029723303392529488,0.03878076747059822,0.06336382776498795,0.051008448004722595,0.07328680157661438,0.031188489869236946,0.0465315543115139,0.04222436249256134,0.03756163641810417,0.047951605170965195,0.0462987907230854,0.08892038464546204,0.06365862488746643,0.040961045771837234,0.04570723697543144,0.04163750261068344,0.03635716810822487,0.04796134680509567,0.0480881966650486,0.04170973598957062
T1052,0.020861446857452393,0.029165519401431084,0.025460051372647285,0.05830885469913483,0.03189634904265404,0.060886450111866,0.049414683133363724,0.04450889304280281,0.0438217893242836,0.05436568707227707,0.02998531237244606,0.045102402567863464,0.053467556834220886,0.10219891369342804,0.03957704082131386,0.0633988007903099,0.05922047793865204,0.03298112377524376,0.0442362055182457,0.06931748241186142,0.041824985295534134
T1102,0.03506765514612198,0.04282916337251663,0.038033969700336456,0.0696454867720604,0.02951948344707489,0.03999875858426094,0.03134162351489067,0.04260685667395592,0.04042902588844299,0.0796627551317215,0.04149984195828438,0.043180547654628754,0.05744365230202675,0.07891704142093658,0.03545619919896126,0.04529425874352455,0.044271040707826614,0.052721768617630005,0.045339759439229965,0.05132390186190605,0.055417221039533615
T1595,0.035940125584602356,0.04600762575864792,0.05202177166938782,0.06351332366466522,0.03534363582730293,0.04686730355024338,0.03549599274992943,0.050742022693157196,0.03602120652794838,0.06134427338838577,0.03999001905322075,0.047111764550209045,0.06887964904308319,0.06508803367614746,0.033176593482494354,0.046823836863040924,0.03571818023920059,0.056253183633089066,0.04800642654299736,0.04184941574931145,0.05380561202764511
T1594,0.038668856024742126,0.047074850648641586,0.04152633622288704,0.058407120406627655,0.0399777814745903,0.039839453995227814,0.0344010591506958,0.03661516681313515,0.037562694400548935,0.0692344456911087,0.059049367904663086,0.0290155541151762,0.04184367135167122,0.0649532675743103,0.038979195058345795,0.03570794314146042,0.06383620202541351,0.051230788230895996,0.04493769258260727,0.055058591067790985,0.07207994163036346
T1105,0.03214576467871666,0.04077506810426712,0.04511645808815956,0.05456441268324852,0.03910291567444801,0.05564504489302635,0.046079594641923904,0.04680828005075455,0.04057462140917778,0.0523027665913105,0.03403659164905548,0.04618365317583084,0.06731381267309189,0.07646592706441879,0.03767726942896843,0.05459810793399811,0.04283399507403374,0.04226657375693321,0.04795772582292557,0.051446374505758286,0.04610496014356613
T1591,0.035559456795454025,0.04115297645330429,0.036966998130083084,0.0641627162694931,0.03950134664773941,0.045019641518592834,0.026169996708631516,0.0334208607673645,0.04012030363082886,0.06495772302150726,0.0669587180018425,0.029437009245157242,0.044468022882938385,0.07278405874967575,0.04075576364994049,0.03355512395501137,0.07744231075048447,0.04096896946430206,0.03898467496037483,0.0606047697365284,0.0670085996389389
T1590,0.03552653640508652,0.05186116322875023,0.04278213158249855,0.06192563474178314,0.029090022668242455,0.03881113603711128,0.02837480790913105,0.0395556315779686,0.035357680171728134,0.08169862627983093,0.04871702566742897,0.036825619637966156,0.05382615700364113,0.07917963713407516,0.03437085077166557,0.03952690213918686,0.05323382839560509,0.05389203503727913,0.03995050862431526,0.049291595816612244,0.06620249152183533
T1053,0.03657275065779686,0.03776402771472931,0.04032670333981514,0.06636253744363785,0.04179433733224869,0.04530193656682968,0.031543828547000885,0.042268622666597366,0.04297826439142227,0.056624896824359894,0.05488234758377075,0.042581818997859955,0.050530191510915756,0.07666713744401932,0.04332093149423599,0.043675024062395096,0.05597890540957451,0.041921600699424744,0.04096410423517227,0.05635460466146469,0.051585473120212555
T1106,0.035279203206300735,0.04794710502028465,0.04562412574887276,0.05217059701681137,0.031183134764432907,0.042477384209632874,0.041732314974069595,0.04349144548177719,0.038654886186122894,0.06597176939249039,0.037375979125499725,0.04166150838136673,0.05762375518679619,0.08605021238327026,0.03773905709385872,0.05365511029958725,0.04468456655740738,0.051583170890808105,0.04720781743526459,0.05082886293530464,0.04705796390771866
T1072,0.029196735471487045,0.02918737567961216,0.03471577912569046,0.06107335910201073,0.0607430674135685,0.07809757441282272,0.04896673560142517,0.06143365055322647,0.05505579337477684,0.03246375545859337,0.02131052501499653,0.05736258998513222,0.06768549233675003,0.05128024145960808,0.04000619798898697,0.058557067066431046,0.0423075333237648,0.030660554766654968,0.04589059203863144,0.058767613023519516,0.03523790463805199
T1132,0.03371291980147362,0.04042224958539009,0.051115233451128006,0.05874420329928398,0.028131481260061264,0.053364261984825134,0.032332468777894974,0.03617703542113304,0.036437034606933594,0.0722702294588089,0.03751002997159958,0.039423868060112,0.0755879282951355,0.07319049537181854,0.03644896298646927,0.04826078936457634,0.04646245762705803,0.04592909663915634,0.05312465876340866,0.05047381669282913,0.05088083818554878
T1027,0.03630242869257927,0.04433274269104004,0.05204591155052185,0.05392860621213913,0.035355474799871445,0.04901266098022461,0.035772498697042465,0.04195171594619751,0.03683331236243248,0.06070209667086601,0.0417645201086998,0.04324787110090256,0.06776474416255951,0.07861931622028351,0.03870033472776413,0.047725822776556015,0.04517107456922531,0.046396296471357346,0.047046415507793427,0.04763564094901085,0.0496906153857708
T1047,0.0236271433532238,0.038615185767412186,0.03525526449084282,0.06405400484800339,0.026891622692346573,0.051009006798267365,0.04410524293780327,0.04565233737230301,0.03979592025279999,0.06255786865949631,0.02942996844649315,0.04385238513350487,0.06484276056289673,0.10581199824810028,0.032094210386276245,0.059090036898851395,0.04533195123076439,0.0411049984395504,0.04329591616988182,0.05833519250154495,0.04524702951312065
T1568,0.03931228071451187,0.049252692610025406,0.05207027122378349,0.062441013753414154,0.03509652987122536,0.046748362481594086,0.03213339298963547,0.04244223237037659,0.03469894453883171,0.06041587144136429,0.051423948258161545,0.03956398367881775,0.06633391976356506,0.0656854584813118,0.035507820546627045,0.03903711959719658,0.045234501361846924,0.050327908247709274,0.04536359757184982,0.04434020444750786,0.06256996095180511
T1091,0.02659170888364315,0.02445920556783676,0.04151587560772896,0.053003571927547455,0.06901562958955765,0.09245259314775467,0.044224850833415985,0.05449068173766136,0.04356718435883522,0.02571815997362137,0.03253171965479851,0.05046704038977623,0.06722001731395721,0.0587061271071434,0.04286704957485199,0.055318720638751984,0.05046377331018448,0.024385109543800354,0.04708772152662277,0.05871770530939102,0.03719550371170044
T1068,0.04756535217165947,0.03683020547032356,0.03894565999507904,0.0682271420955658,0.04941701516509056,0.046303439885377884,0.02960132621228695,0.04522685706615448,0.04735007882118225,0.056361760944128036,0.04681550711393356,0.043770600110292435,0.056337375193834305,0.05563923344016075,0.04276161268353462,0.04304284229874611,0.048834171146154404,0.04533315822482109,0.047012683004140854,0.05431172624230385,0.05031222105026245
T1574,0.052327368408441544,0.03583875298500061,0.04594304412603378,0.06709378212690353,0.0474272184073925,0.05559840798377991,0.026519937440752983,0.039837077260017395,0.0515105277299881,0.05250830948352814,0.04882802441716194,0.04846826195716858,0.06727232784032822,0.04370040446519852,0.04985540732741356,0.040895361453294754,0.047577328979969025,0.04283948242664337,0.04753715172410011,0.047698043286800385,0.04072360321879387
T1098,0.03554027900099754,0.024737192317843437,0.043785013258457184,0.06876344978809357,0.04263058677315712,0.07361683249473572,0.02841145358979702,0.037531234323978424,0.04654565081000328,0.04600856080651283,0.04290725290775299,0.04256318882107735,0.07686422020196915,0.05758126080036163,0.046399008482694626,0.0486890971660614,0.05045892298221588,0.03285083547234535,0.05911453068256378,0.05590673163533211,0.03909475356340408
T1112,0.03672458231449127,0.044332075864076614,0.03333733230829239,0.0668022558093071,0.026446036994457245,0.0393223911523819,0.023900264874100685,0.03838059678673744,0.03956463187932968,0.07706868648529053,0.05277762562036514,0.04222751036286354,0.05799494683742523,0.08894433081150055,0.04085526615381241,0.04372541233897209,0.0520201101899147,0.053122568875551224,0.04015727713704109,0.051382508128881454,0.050913598388433456
T1218,0.039375755935907364,0.039356622844934464,0.04705743119120598,0.06435209512710571,0.03770272433757782,0.050157126039266586,0.028400972485542297,0.03998949006199837,0.04084570333361626,0.05970324948430061,0.04848087206482887,0.04328364506363869,0.06753916293382645,0.06948444992303848,0.042049918323755264,0.04512592777609825,0.047226425260305405,0.04505642503499985,0.04738781973719597,0.04923486337065697,0.04818936437368393
T1220,0.03651377931237221,0.03309568390250206,0.036399006843566895,0.0679822564125061,0.041038308292627335,0.05093055218458176,0.027692867442965508,0.037297409027814865,0.04469536617398262,0.0589153952896595,0.05020364001393318,0.03793703392148018,0.053161852061748505,0.06847187876701355,0.0469014011323452,0.04324599727988243,0.06306333839893341,0.039957061409950256,0.04869362711906433,0.062354058027267456,0.0514494925737381
T1622,0.04225684329867363,0.056124258786439896,0.04306965693831444,0.06703678518533707,0.017114128917455673,0.02898782305419445,0.025381730869412422,0.03566592559218407,0.03406231105327606,0.11350434273481369,0.03284982964396477,0.03904036805033684,0.06231338158249855,0.07616294920444489,0.03030242584645748,0.04560470208525658,0.031378306448459625,0.07990744709968567,0.05121537297964096,0.03988374024629593,0.04813766106963158
T1134,0.04075303673744202,0.0368836484849453,0.03361623361706734,0.05095268413424492,0.036808498203754425,0.06228683143854141,0.037691641598939896,0.041028060019016266,0.048588093370199203,0.05446785315871239,0.03389250859618187,0.046079929918050766,0.0736619383096695,0.056060489267110825,0.04744308441877365,0.06219105049967766,0.04845626279711723,0.04332100972533226,0.05554209649562836,0.05531394109129906,0.03496113419532776
T1216,0.02870938740670681,0.045230600982904434,0.02955099381506443,0.06440066546201706,0.027217987924814224,0.04120515286922455,0.031649746000766754,0.03986210376024246,0.03863649070262909,0.07874508947134018,0.04102085158228874,0.03744146600365639,0.05793945491313934,0.11107682436704636,0.033172279596328735,0.04541097208857536,0.052857402712106705,0.046577759087085724,0.03780295327305794,0.057360198348760605,0.054131582379341125
T1534,0.02753434330224991,0.039591480046510696,0.030242128297686577,0.05682680755853653,0.03852617368102074,0.047227893024683,0.043003108352422714,0.03833221644163132,0.03964708000421524,0.06775005161762238,0.04069214314222336,0.03342253342270851,0.049940988421440125,0.10264844447374344,0.03716811165213585,0.04781748354434967,0.06208460405468941,0.037979140877723694,0.04036831110715866,0.06478568911552429,0.05441126599907875
T1557,0.03235054388642311,0.03183930367231369,0.03968766704201698,0.04970211535692215,0.036282774060964584,0.06462673097848892,0.04811101034283638,0.03585454076528549,0.04409587010741234,0.062402646988630295,0.030609354376792908,0.04071725159883499,0.07489185035228729,0.06942007690668106,0.04356684908270836,0.05650768801569939,0.04888264462351799,0.03886471316218376,0.05472274869680405,0.05620012432336807,0.04066354036331177
T1505,0.04317941516637802,0.034969598054885864,0.052917830646038055,0.05521822348237038,0.0405380018055439,0.053163107484579086,0.03913193941116333,0.03802140802145004,0.04366898536682129,0.051855992525815964,0.04291367530822754,0.04189329594373703,0.06371724605560303,0.05866839736700058,0.048826806247234344,0.048370275646448135,0.050609830766916275,0.040247995406389236,0.055343128740787506,0.053244706243276596,0.04350009933114052
T1585,0.035347044467926025,0.045818496495485306,0.05654401332139969,0.051994338631629944,0.026993069797754288,0.03899573162198067,0.03480341285467148,0.03352830931544304,0.03330036997795105,0.07833518832921982,0.049874696880578995,0.03267425671219826,0.051496200263500214,0.07960619777441025,0.03751508891582489,0.04308339208364487,0.05705687031149864,0.04798705130815506,0.04815353825688362,0.05225623771548271,0.06463649868965149
T1011,0.027374496683478355,0.03017387166619301,0.027064520865678787,0.057660333812236786,0.018702009692788124,0.0475095734000206,0.04047194495797157,0.030858011916279793,0.04305322840809822,0.08900710195302963,0.03702888265252113,0.03668783977627754,0.06106434762477875,0.10019116848707199,0.04184328764677048,0.059166356921195984,0.049937620759010315,0.0470450334250927,0.05191042646765709,0.06180837005376816,0.04144151136279106
T1129,0.04623628035187721,0.039844974875450134,0.0509149506688118,0.06024426594376564,0.03281254321336746,0.04817581549286842,0.03702515363693237,0.041715871542692184,0.046239688992500305,0.05850508436560631,0.03340401127934456,0.04758118838071823,0.06655767560005188,0.05492236837744713,0.04584607481956482,0.056380461901426315,0.03669323772192001,0.0527641586959362,0.061912305653095245,0.04553278908133507,0.03669111803174019
T1620,0.054192494601011276,0.043937262147665024,0.05110206454992294,0.0522196888923645,0.03907350078225136,0.044898129999637604,0.032814543694257736,0.034186333417892456,0.04755465313792229,0.07044345140457153,0.047768328338861465,0.04330577328801155,0.051052894443273544,0.04946460574865341,0.05306291952729225,0.045737374573946,0.051375143229961395,0.05066205933690071,0.04857518523931503,0.04834124445915222,0.040232300758361816
T1055,0.04328278824687004,0.04031386226415634,0.04604233428835869,0.060028884559869766,0.034427423030138016,0.044977203011512756,0.03206727281212807,0.039680417627096176,0.04365494102239609,0.07026843726634979,0.04232003167271614,0.04463045671582222,0.05907139554619789,0.06397822499275208,0.044418465346097946,0.04947025701403618,0.04393681138753891,0.052246708422899246,0.051242657005786896,0.04889204725623131,0.045049481093883514
T1564,0.03480933606624603,0.03953542932868004,0.039313435554504395,0.061201322823762894,0.024168122559785843,0.044588714838027954,0.03171243891119957,0.037262868136167526,0.04040687158703804,0.07641725987195969,0.045084934681653976,0.042498450726270676,0.06357715278863907,0.07787007093429565,0.04188241809606552,0.05297119915485382,0.04801972955465317,0.050733353942632675,0.04966885596513748,0.05282201990485191,0.045456044375896454
T1025,0.03002706728875637,0.03311372175812721,0.02739495225250721,0.056674711406230927,0.026484716683626175,0.05441003292798996,0.03540952503681183,0.037788040935993195,0.044043850153684616,0.061137668788433075,0.04645218327641487,0.04330688714981079,0.06301163136959076,0.08808383345603943,0.04969486966729164,0.05648893862962723,0.05812573432922363,0.040648214519023895,0.044830698519945145,0.06114619970321655,0.04172653704881668
T1571,0.04837597534060478,0.04677269235253334,0.06314848363399506,0.048827629536390305,0.04959876090288162,0.06222562491893768,0.041823383420705795,0.03875399008393288,0.043375592678785324,0.0518953874707222,0.03982727229595184,0.04643880948424339,0.07826018333435059,0.047544751316308975,0.03777623921632767,0.04258113354444504,0.03930006921291351,0.044686898589134216,0.04737187176942825,0.04002097621560097,0.041394248604774475
T1573,0.03721940517425537,0.043161436915397644,0.05292794108390808,0.058759525418281555,0.03340700641274452,0.04853503033518791,0.03538288548588753,0.0401475764811039,0.03918396681547165,0.06721650809049606,0.03640250489115715,0.04280267283320427,0.06643208861351013,0.07276629656553268,0.037587035447359085,0.04864617809653282,0.04337682947516441,0.04813339188694954,0.04993815720081329,0.04913155734539032,0.04884204640984535
T1659,0.04238099977374077,0.0432567298412323,0.045192327350378036,0.062881238758564,0.04366647079586983,0.05098317936062813,0.04379868134856224,0.042187344282865524,0.04536969214677811,0.05091472715139389,0.046853337436914444,0.04284391179680824,0.0669415146112442,0.06265495717525482,0.03952132537961006,0.042915504425764084,0.04247267171740532,0.04744082689285278,0.045679546892642975,0.04589460790157318,0.04615040495991707
T1560,0.03370003402233124,0.04266360402107239,0.03483802452683449,0.051547467708587646,0.02080516330897808,0.04794244468212128,0.04175249859690666,0.038754869252443314,0.04017464816570282,0.08054329454898834,0.03207255154848099,0.04441506788134575,0.0741584375500679,0.08127760887145996,0.0400046706199646,0.05919294431805611,0.04051734134554863,0.05435207486152649,0.049547433853149414,0.04966326802968979,0.042076606303453445
T1030,0.020949846133589745,0.04255347698926926,0.01896055042743683,0.04830857366323471,0.014852005057036877,0.0376947782933712,0.05478844419121742,0.037441447377204895,0.04051349312067032,0.09260950237512589,0.023045333102345467,0.03789502754807472,0.053362250328063965,0.1300441324710846,0.03209511190652847,0.07207676023244858,0.046677153557538986,0.04901806637644768,0.04223556071519852,0.06472980976104736,0.04014870524406433
T1083,0.03997286036610603,0.04694440960884094,0.038456372916698456,0.07026046514511108,0.02052823267877102,0.037869736552238464,0.027553550899028778,0.03647933527827263,0.039087165147066116,0.0839698389172554,0.05177760869264603,0.04490246996283531,0.0663275346159935,0.07424119859933853,0.039260946214199066,0.04449136182665825,0.03701787069439888,0.0649884045124054,0.0451359823346138,0.04154233634471893,0.049192339181900024
T1008,0.038086745887994766,0.045097436755895615,0.06028999388217926,0.06571800261735916,0.03594588488340378,0.05566113814711571,0.02978779934346676,0.03678927198052406,0.034860413521528244,0.06180364266037941,0.04762919992208481,0.03693491220474243,0.08400049060583115,0.06146232411265373,0.03237973153591156,0.03603355586528778,0.04548269510269165,0.04240692779421806,0.04684360325336456,0.044181760400533676,0.05860450863838196
T1033,0.033361226320266724,0.040087681263685226,0.047417253255844116,0.048097532242536545,0.027292028069496155,0.05542564019560814,0.04452534392476082,0.03953203558921814,0.036618441343307495,0.06304137408733368,0.0321316160261631,0.04065142944455147,0.07489749789237976,0.086956687271595,0.037737466394901276,0.0577523447573185,0.03873172402381897,0.047193463891744614,0.05608642101287842,0.049357056617736816,0.04310576245188713
T1006,0.04212288185954094,0.026226503774523735,0.045843128114938736,0.0442856103181839,0.0319938063621521,0.05571798235177994,0.05103011056780815,0.03670046105980873,0.04163672775030136,0.05044130980968475,0.041027944535017014,0.03901168331503868,0.051264189183712006,0.05289240553975105,0.06582661718130112,0.06449907273054123,0.04288323223590851,0.04998992010951042,0.07166218757629395,0.054449159651994705,0.04049508646130562
T1124,0.030792567878961563,0.04256217181682587,0.030253512784838676,0.05596323683857918,0.030964454635977745,0.046917930245399475,0.04214612394571304,0.04072818160057068,0.03582945466041565,0.0651724562048912,0.047176655381917953,0.035782817751169205,0.05759083479642868,0.11690306663513184,0.03306923806667328,0.04625536501407623,0.04846738278865814,0.04564684256911278,0.037980806082487106,0.054971083998680115,0.05482582375407219
T1082,0.02989470399916172,0.039935994893312454,0.04221341013908386,0.06366341561079025,0.031935155391693115,0.05275445431470871,0.03446090221405029,0.03875219076871872,0.03801105543971062,0.07032144069671631,0.03812969848513603,0.04065714031457901,0.07610980421304703,0.0857483297586441,0.03348968178033829,0.046666815876960754,0.043904393911361694,0.04453648626804352,0.04662646725773811,0.0507381372153759,0.05145031586289406
T1598,0.0316193550825119,0.03446559980511665,0.060594893991947174,0.04403873533010483,0.0537630058825016,0.0708010345697403,0.03916949778795242,0.03895755857229233,0.03292844071984291,0.04198957979679108,0.052947524935007095,0.03614678978919983,0.0694686770439148,0.06811408698558807,0.04073525220155716,0.04266618564724922,0.05799500271677971,0.0317804217338562,0.04648682102560997,0.05122983828186989,0.05410170182585716
T1589,0.039865151047706604,0.04940371587872505,0.07427078485488892,0.03771402686834335,0.047532837837934494,0.05686620622873306,0.04241657629609108,0.03572700545191765,0.03500668704509735,0.05552747845649719,0.04341238737106323,0.03607792407274246,0.06240849196910858,0.05402080714702606,0.041827067732810974,0.041493646800518036,0.05416395142674446,0.04354380816221237,0.0479682981967926,0.04368063434958458,0.05707249417901039
T1562,0.04193126782774925,0.04838593676686287,0.050653353333473206,0.06500179320573807,0.020554497838020325,0.03283672779798508,0.026442740112543106,0.04201626032590866,0.03238460049033165,0.08289409428834915,0.049167707562446594,0.04212404787540436,0.059910714626312256,0.06633816659450531,0.03633827716112137,0.0457819327712059,0.033441849052906036,0.0745777040719986,0.05298764631152153,0.03849733993411064,0.05773327499628067
T1070,0.03448215499520302,0.04627380520105362,0.043222956359386444,0.05685102567076683,0.034894973039627075,0.042176470160484314,0.0355314277112484,0.04192750155925751,0.03675694763660431,0.06171366199851036,0.05107387527823448,0.040725357830524445,0.05260820314288139,0.09249173104763031,0.03802021965384483,0.04532260075211525,0.05133093520998955,0.046535197645425797,0.04117298126220703,0.052007973194122314,0.05488003045320511
T1221,0.03293841332197189,0.02760450914502144,0.030383102595806122,0.05656532943248749,0.058840878307819366,0.06844159215688705,0.032261259853839874,0.036560725420713425,0.043219193816185,0.03911661356687546,0.06240816414356232,0.03643665090203285,0.05816558375954628,0.0837382897734642,0.0514044426381588,0.04127158224582672,0.06871061027050018,0.026645295321941376,0.03863070160150528,0.06345555186271667,0.0432014986872673
T1037,0.052285853773355484,0.032012440264225006,0.04872357100248337,0.06435689330101013,0.05063546448945999,0.060854438692331314,0.02426215633749962,0.03898469731211662,0.046360742300748825,0.040246110409498215,0.06704600900411606,0.045676302164793015,0.06775765120983124,0.04316161200404167,0.052645087242126465,0.03812280669808388,0.05186637118458748,0.03868744894862175,0.04629213362932205,0.04726235195994377,0.042759839445352554
T1137,0.04546302929520607,0.032208554446697235,0.029760345816612244,0.06241858750581741,0.04849007725715637,0.05569745600223541,0.03110567294061184,0.04073980078101158,0.053176719695329666,0.04937541112303734,0.0622241348028183,0.04792068898677826,0.057684991508722305,0.052553389221429825,0.05869951844215393,0.04296991974115372,0.055892214179039,0.04073432832956314,0.03944441303610802,0.05391879379749298,0.03952200710773468
T1176,0.03230176866054535,0.046374108642339706,0.03031049855053425,0.044292520731687546,0.0305043812841177,0.052164386957883835,0.06381558626890182,0.04831056296825409,0.05013953149318695,0.06577963382005692,0.020695820450782776,0.04668048396706581,0.06095191091299057,0.07466845214366913,0.038013335317373276,0.06401720643043518,0.04515650123357773,0.04937077686190605,0.04153972491621971,0.05759700387716293,0.03731581196188927
T1609,0.03770036995410919,0.04330731928348541,0.05678088963031769,0.053203318268060684,0.03267136961221695,0.047536659985780716,0.044442448765039444,0.03874452784657478,0.03862390294671059,0.05736999958753586,0.04266215115785599,0.03635462746024132,0.05511295050382614,0.09399665892124176,0.04135417938232422,0.04894984886050224,0.0476808026432991,0.04091547429561615,0.042760781943798065,0.053634025156497955,0.046197712421417236
T1014,0.029140066355466843,0.02906547673046589,0.04157049581408501,0.07098767906427383,0.048342958092689514,0.06570214033126831,0.0309432502835989,0.0449257493019104,0.04012860730290413,0.045510437339544296,0.04394745081663132,0.040863849222660065,0.07035516202449799,0.07739431411027908,0.03651406615972519,0.04306118190288544,0.05518852919340134,0.02969246916472912,0.04602567479014397,0.06023985147476196,0.05040055885910988
T1480,0.039895351976156235,0.03886330500245094,0.05557752028107643,0.06685788184404373,0.03489157184958458,0.05689043179154396,0.023452937602996826,0.03863367810845375,0.03619559109210968,0.057698026299476624,0.05155984312295914,0.04256177321076393,0.08789630234241486,0.062239840626716614,0.03703710064291954,0.03863421455025673,0.04251811280846596,0.04558297246694565,0.048874519765377045,0.042397160083055496,0.05174188315868378
T1656,0.03496582806110382,0.04172268137335777,0.04353821277618408,0.04853633791208267,0.037769217044115067,0.049674347043037415,0.032269228249788284,0.041029877960681915,0.03022993542253971,0.05170704051852226,0.07637057453393936,0.03586297854781151,0.06028483435511589,0.09588509052991867,0.042495761066675186,0.039837487041950226,0.05177651718258858,0.045168761163949966,0.03729933500289917,0.04538457468152046,0.05819127708673477
T1222,0.0474083386361599,0.04906146228313446,0.05754277855157852,0.053472328931093216,0.019808193668723106,0.036672648042440414,0.029756492003798485,0.04093201458454132,0.032950326800346375,0.07661791145801544,0.04240494593977928,0.045212987810373306,0.06366458535194397,0.06322122365236282,0.0406457893550396,0.05190376192331314,0.03250914439558983,0.07382123172283173,0.0577717125415802,0.03728686645627022,0.04733533784747124
T1539,0.027015866711735725,0.03819812834262848,0.04347982257604599,0.04312506690621376,0.018703611567616463,0.060226913541555405,0.04675193876028061,0.0458381287753582,0.03525784611701965,0.06232345104217529,0.023062823340296745,0.05121682584285736,0.09826388955116272,0.07621036469936371,0.03392593190073967,0.07361379265785217,0.03185012564063072,0.05052464082837105,0.060178909450769424,0.04418021813035011,0.036051660776138306
T1649,0.0347072072327137,0.03743356466293335,0.03563747555017471,0.06200314685702324,0.060599811375141144,0.05633040890097618,0.04515044391155243,0.04083814471960068,0.05879712104797363,0.056025441735982895,0.037253204733133316,0.04633086919784546,0.0479159913957119,0.06012691184878349,0.04237287491559982,0.040673304349184036,0.06322935968637466,0.03158554807305336,0.033911384642124176,0.06316293030977249,0.04591486230492592
T1187,0.03175399824976921,0.040613144636154175,0.028101198375225067,0.05067656561732292,0.03616565465927124,0.048802364617586136,0.048648495227098465,0.03518594056367874,0.050232186913490295,0.07411137968301773,0.036036279052495956,0.041533730924129486,0.052171241492033005,0.07868354022502899,0.04484250023961067,0.055082522332668304,0.05918056517839432,0.04376010224223137,0.04205401614308357,0.061880648136138916,0.040483906865119934
T1003,0.03390035405755043,0.043885622173547745,0.04758550599217415,0.04094380512833595,0.026835426688194275,0.050452131778001785,0.051750678569078445,0.04018395394086838,0.03974363952875137,0.06513219326734543,0.03019251488149166,0.04523257911205292,0.0646151676774025,0.06988619267940521,0.04216311126947403,0.06797441095113754,0.0431135930120945,0.04956047981977463,0.058399371802806854,0.049550436437129974,0.03889886662364006
T1621,0.02675924077630043,0.02602577395737171,0.05515792965888977,0.047529950737953186,0.027349987998604774,0.08256673812866211,0.04222637787461281,0.03709917888045311,0.034488800913095474,0.04661651328206062,0.030308278277516365,0.042035795748233795,0.1095794215798378,0.06558359414339066,0.03904236480593681,0.05864463001489639,0.04095727205276489,0.034229546785354614,0.06497351825237274,0.04880727827548981,0.040017787367105484
T1123,0.03355681896209717,0.0501139834523201,0.03493423014879227,0.05594372749328613,0.025868723168969154,0.03459305688738823,0.042946700006723404,0.04727189615368843,0.038799893110990524,0.06537015736103058,0.04558691754937172,0.043748944997787476,0.03992674872279167,0.09963969886302948,0.03729958459734917,0.049386635422706604,0.04732837155461311,0.054850079119205475,0.038881950080394745,0.05171416327357292,0.06223773583769798
T1528,0.028001433238387108,0.03250671923160553,0.025080442428588867,0.05561427026987076,0.042286310344934464,0.06458379328250885,0.049244463443756104,0.04749913513660431,0.058083709329366684,0.04700547829270363,0.029007762670516968,0.053408216685056686,0.06225711107254028,0.07363720238208771,0.04398934543132782,0.06312268227338791,0.05253662168979645,0.035042498260736465,0.04121478274464607,0.06381242722272873,0.032065629959106445
T1593,0.04076795652508736,0.04675285518169403,0.04348467290401459,0.05033889040350914,0.04638754576444626,0.04699058085680008,0.03124704211950302,0.030201496556401253,0.04440753906965256,0.05768444761633873,0.0703795775771141,0.02809377759695053,0.03994620963931084,0.06215493381023407,0.047808848321437836,0.032761119306087494,0.08758687227964401,0.037226300686597824,0.036719825118780136,0.06073998287320137,0.058319538831710815
T1597,0.046441659331321716,0.048358362168073654,0.07565268874168396,0.04396863654255867,0.04657405614852905,0.045684728771448135,0.04238935559988022,0.0398428775370121,0.0426444485783577,0.058484844863414764,0.03875672444701195,0.043549809604883194,0.042640455067157745,0.05308004096150398,0.045629654079675674,0.04624561965465546,0.050873786211013794,0.04376645386219025,0.05023488774895668,0.04696691781282425,0.04821399226784706
T1657,0.03265557438135147,0.046744730323553085,0.024792568758130074,0.06216764822602272,0.03976482152938843,0.026775125414133072,0.03490515053272247,0.03919178619980812,0.051404621452093124,0.05789465829730034,0.06602808833122253,0.03438465669751167,0.018271135166287422,0.08997107297182083,0.04527360945940018,0.04187970235943794,0.08109404891729355,0.04393589869141579,0.03257020190358162,0.07178054749965668,0.058514438569545746
T1489,0.03840017691254616,0.04706764221191406,0.0578170008957386,0.05005544424057007,0.03815967217087746,0.04456089437007904,0.04272594302892685,0.04358334466814995,0.04105665162205696,0.05156243219971657,0.0496005117893219,0.04698218032717705,0.043211471289396286,0.0713762491941452,0.04626055061817169,0.04963931813836098,0.051683537662029266,0.04583986848592758,0.04277590662240982,0.04907139763236046,0.04856983944773674
T1606,0.019894003868103027,0.0402669794857502,0.019247522577643394,0.05412719398736954,0.028456412255764008,0.04817245155572891,0.06621198356151581,0.051417555660009384,0.04821410030126572,0.062204815447330475,0.020705493167042732,0.048111692070961,0.053597141057252884,0.11356361955404282,0.032772429287433624,0.06744717061519623,0.047750573605298996,0.038127608597278595,0.03403959050774574,0.06609133630990982,0.039580345153808594
T1601,0.039683856070041656,0.05223977565765381,0.05608896166086197,0.04282911866903305,0.028546752408146858,0.04028033837676048,0.04708223044872284,0.039437681436538696,0.03197368234395981,0.06656887382268906,0.0375727079808712,0.035852525383234024,0.05485551059246063,0.0793907642364502,0.03648072108626366,0.051338136196136475,0.05105048045516014,0.052270010113716125,0.05256609618663788,0.050172798335552216,0.053718987852334976
T1558,0.03121289610862732,0.03707063943147659,0.04575708135962486,0.0470389723777771,0.022703152149915695,0.055763233453035355,0.05194368585944176,0.04279758036136627,0.04067910090088844,0.06249985471367836,0.023797214031219482,0.047657378017902374,0.07264520227909088,0.06769897788763046,0.041054029017686844,0.07368462532758713,0.036296386271715164,0.04905715957283974,0.06508383899927139,0.04992254078388214,0.03563642501831055
T1495,0.03015279956161976,0.03932809457182884,0.060963235795497894,0.06398561596870422,0.031232085078954697,0.05708335340023041,0.026644034311175346,0.05096931755542755,0.027645187452435493,0.04914167523384094,0.05596371367573738,0.041612714529037476,0.08418606966733932,0.06777824461460114,0.029591083526611328,0.03936360776424408,0.03483474999666214,0.05087907612323761,0.051669783890247345,0.038788240402936935,0.06818729639053345
T1498,0.03034818358719349,0.04878957197070122,0.045676399022340775,0.052009426057338715,0.04604583606123924,0.043237581849098206,0.04326418414711952,0.04395345598459244,0.03529011830687523,0.05966765806078911,0.04590436443686485,0.03433171287178993,0.042991288006305695,0.08624425530433655,0.03468938171863556,0.039876606315374374,0.06340639293193817,0.03979071229696274,0.037770163267850876,0.05776115134358406,0.06895161420106888
T1111,0.030462471768260002,0.03048831596970558,0.04265286400914192,0.05451430007815361,0.02201259508728981,0.052957933396101,0.039305251091718674,0.034260768443346024,0.0385044701397419,0.07979723066091537,0.03155077248811722,0.03823281079530716,0.08051494508981705,0.07793675363063812,0.03867565840482712,0.05957230553030968,0.04311633110046387,0.04716535285115242,0.06231561303138733,0.054218973964452744,0.04174428805708885
T1486,0.04434874281287193,0.06051265820860863,0.08750215172767639,0.03627863898873329,0.03504502773284912,0.042609430849552155,0.043778225779533386,0.042157623916864395,0.033078633248806,0.05326811224222183,0.04413380101323128,0.045458778738975525,0.0443757064640522,0.0543939471244812,0.043946802616119385,0.047375064343214035,0.0471099317073822,0.05149435997009277,0.04818447306752205,0.04027757793664932,0.054670389741659164
T1490,0.03748936578631401,0.05022606626152992,0.06596323102712631,0.04365522786974907,0.04169599339365959,0.04620247706770897,0.03916823863983154,0.0417141392827034,0.03415030241012573,0.04885908216238022,0.053650643676519394,0.04309826344251633,0.04213342443108559,0.0771365761756897,0.04319528490304947,0.04570819437503815,0.05687548220157623,0.043754030019044876,0.04248324781656265,0.04780198261141777,0.0550386942923069
T1561,0.03327426686882973,0.03749799728393555,0.0697358027100563,0.046432286500930786,0.041499774903059006,0.06189276650547981,0.0382605642080307,0.0360281877219677,0.03332872316241264,0.04628313332796097,0.052105918526649475,0.03750472515821457,0.06408391147851944,0.06756667047739029,0.04289769008755684,0.04555163532495499,0.05463080108165741,0.03593086078763008,0.052880797535181046,0.04935065656900406,0.053262870758771896
T1485,0.035074517130851746,0.04464508965611458,0.05395601689815521,0.04766729474067688,0.03500610589981079,0.048850856721401215,0.037966519594192505,0.038860615342855453,0.03734447434544563,0.0563834048807621,0.05162477493286133,0.04146595671772957,0.049619097262620926,0.07756694406270981,0.0456712432205677,0.04916299134492874,0.05622586980462074,0.04407308250665665,0.045924797654151917,0.051519591361284256,0.05139075964689255
T1140,0.030326278880238533,0.04296908155083656,0.04136994481086731,0.05533536151051521,0.02891523577272892,0.04659338667988777,0.034879740327596664,0.03850148245692253,0.03645254299044609,0.07282637059688568,0.03763046860694885,0.03854808211326599,0.07137312740087509,0.09505824744701385,0.036227814853191376,0.05152459815144539,0.04524989053606987,0.04733743891119957,0.04840646684169769,0.05271404609084129,0.04776040092110634
T1120,0.023680344223976135,0.026607513427734375,0.02462913654744625,0.07738211005926132,0.022871077060699463,0.05754085257649422,0.029202010482549667,0.03998403996229172,0.04403958097100258,0.07116197049617767,0.03658264875411987,0.04410041496157646,0.0850192978978157,0.09258724749088287,0.03400704637169838,0.05422180891036987,0.04100927338004112,0.044182296842336655,0.04949897155165672,0.05891742557287216,0.042774975299835205
T1611,0.048995241522789,0.027416061609983444,0.06131800636649132,0.046075239777565,0.03843655809760094,0.062414538115262985,0.033766862004995346,0.029715633019804955,0.041541412472724915,0.04750095680356026,0.058546509593725204,0.03548723831772804,0.05784708634018898,0.04430108517408371,0.06087706983089447,0.04702551290392876,0.06343447417020798,0.03573480248451233,0.06597733497619629,0.052443455904722214,0.041144922375679016
T1608,0.03149609640240669,0.05523340031504631,0.04501233994960785,0.03902791440486908,0.029752369970083237,0.04220499098300934,0.06444117426872253,0.042422760277986526,0.041209299117326736,0.06645409017801285,0.02603859454393387,0.041366301476955414,0.046852171421051025,0.08103498816490173,0.040064550936222076,0.06283695250749588,0.05185987800359726,0.04638087376952171,0.04512582719326019,0.05549417436122894,0.04569124057888985
T1185,0.02657090499997139,0.031012816354632378,0.03572063148021698,0.052222032099962234,0.021798474714159966,0.06450959295034409,0.0387672521173954,0.04278959333896637,0.03812222555279732,0.06451080739498138,0.023941995576024055,0.04785015806555748,0.10109438747167587,0.07451126724481583,0.03637776896357536,0.06666937470436096,0.03746939077973366,0.04511526972055435,0.06176534667611122,0.05148688331246376,0.0376938171684742
T1542,0.03268430754542351,0.03109554573893547,0.04000164568424225,0.06670984625816345,0.054793454706668854,0.06058400869369507,0.030814407393336296,0.040329497307538986,0.04366575926542282,0.04790075123310089,0.053210850805044174,0.036736950278282166,0.06425242125988007,0.06742855161428452,0.038138795644044876,0.037951353937387466,0.0675288662314415,0.028934210538864136,0.041138097643852234,0.06489400565624237,0.05120666325092316
T1200,0.07163576781749725,0.02066933363676071,0.057994503527879715,0.05226000025868416,0.11754362285137177,0.08378720283508301,0.013303745537996292,0.038622479885816574,0.047389622777700424,0.015777846798300743,0.09490169584751129,0.04486843943595886,0.05666007474064827,0.01517761405557394,0.0609121136367321,0.022189119830727577,0.05475443974137306,0.021047018468379974,0.039968907833099365,0.03661894425749779,0.033917542546987534
T1569,0.036692336201667786,0.04252813011407852,0.05099180340766907,0.056799113750457764,0.06046328693628311,0.055052075535058975,0.04255937039852142,0.048599857836961746,0.042855389416217804,0.039723366498947144,0.044788144528865814,0.04566052183508873,0.051231395453214645,0.07066895812749863,0.04161551222205162,0.04473988339304924,0.051848072558641434,0.035501863807439804,0.03897682949900627,0.05132533237338066,0.04737873375415802
T1648,0.03399861603975296,0.04596998170018196,0.0679796114563942,0.03287549689412117,0.06695705652236938,0.06862948834896088,0.04769023135304451,0.035074442625045776,0.0354292131960392,0.03443589061498642,0.05577956512570381,0.03720308095216751,0.03831278905272484,0.053067054599523544,0.04566887393593788,0.036354802548885345,0.08657864481210709,0.02656998112797737,0.03759029135107994,0.054628632962703705,0.05920623615384102
T1484,0.03177785500884056,0.03106306865811348,0.03394186496734619,0.0852322056889534,0.025651566684246063,0.046217430382966995,0.018465083092451096,0.033224474638700485,0.0395808108150959,0.07823770493268967,0.05616464465856552,0.03697635233402252,0.07087232172489166,0.08333519101142883,0.037748634815216064,0.038932833820581436,0.052879199385643005,0.04822131618857384,0.044680967926979065,0.055507052689790726,0.051289428025484085
T1199,0.02841506153345108,0.03330057114362717,0.05199519917368889,0.07207832485437393,0.038003358989953995,0.05935211107134819,0.031082194298505783,0.047436654567718506,0.03779037296772003,0.04850982874631882,0.03758953884243965,0.046466924250125885,0.07378882169723511,0.07190058380365372,0.03487325459718704,0.04909667372703552,0.042617619037628174,0.04016200080513954,0.05463326722383499,0.049685489386320114,0.05122217908501625
T1036,0.030787892639636993,0.04180094227194786,0.033425699919462204,0.07173408567905426,0.03176496550440788,0.04328730329871178,0.030794207006692886,0.04006354138255119,0.04109582677483559,0.07783026248216629,0.040488723665475845,0.03994486853480339,0.06497913599014282,0.09241198748350143,0.034911591559648514,0.044462814927101135,0.04805910214781761,0.04674990102648735,0.039984263479709625,0.05441146716475487,0.05101142078638077
T1565,0.02767319418489933,0.0381467267870903,0.035810377448797226,0.05338144302368164,0.02608010731637478,0.04290106147527695,0.038184165954589844,0.042475778609514236,0.03706543520092964,0.07564299553632736,0.04092609882354736,0.042494479566812515,0.05683425813913345,0.09731131792068481,0.03784457966685295,0.05614298954606056,0.04673634096980095,0.05072734132409096,0.04901999607682228,0.053063079714775085,0.05153825134038925
T1202,0.03485472500324249,0.03920809552073479,0.04734869673848152,0.05350719392299652,0.027095535770058632,0.05096237361431122,0.03964514657855034,0.04415224492549896,0.04365032911300659,0.06603322178125381,0.030739689245820045,0.049727026373147964,0.06303416192531586,0.07033021748065948,0.04388045892119408,0.061193645000457764,0.04101919010281563,0.05029786005616188,0.05151091516017914,0.050817642360925674,0.04099162667989731
T1531,0.04186396300792694,0.03231367841362953,0.040154777467250824,0.061959657818078995,0.0500912144780159,0.058310993015766144,0.03216100484132767,0.04335343465209007,0.046627555042505264,0.03860878571867943,0.07642105966806412,0.04810589179396629,0.05554803088307381,0.05391461402177811,0.050814803689718246,0.04103047400712967,0.04746376723051071,0.04280468821525574,0.04365180805325508,0.04667726904153824,0.04812252148985863
T1499,0.04702160507440567,0.03454016521573067,0.055126339197158813,0.042120516300201416,0.07041452080011368,0.06033319607377052,0.033187586814165115,0.043683767318725586,0.031848371028900146,0.0280926376581192,0.09938126802444458,0.03723685443401337,0.053997889161109924,0.053373903036117554,0.04864756390452385,0.03250351548194885,0.05030786618590355,0.03786826506257057,0.041699495166540146,0.04111604765057564,0.05749865993857384
T1559,0.028649834915995598,0.03240241855382919,0.0299574825912714,0.06453369557857513,0.04104726389050484,0.05451549217104912,0.03793758153915405,0.03944394737482071,0.04626035690307617,0.05307415500283241,0.05384511500597,0.0392523929476738,0.06211527809500694,0.07833565771579742,0.042422592639923096,0.047484394162893295,0.06359601765871048,0.03156675398349762,0.04196443781256676,0.06503274291753769,0.04656239598989487
T1069,0.03346308693289757,0.03374870494008064,0.030039995908737183,0.09233824908733368,0.029068786650896072,0.050943974405527115,0.02062886394560337,0.04174412786960602,0.040266893804073334,0.06997129321098328,0.04968657344579697,0.04251739755272865,0.09072870761156082,0.07722573727369308,0.03101259469985962,0.04187418520450592,0.035355448722839355,0.05101436749100685,0.045296236872673035,0.04613913223147392,0.04693565145134926
T1578,0.01806645467877388,0.03832525014877319,0.025755569338798523,0.047440096735954285,0.03738417848944664,0.06591235101222992,0.0621604323387146,0.050952762365341187,0.04060763120651245,0.046421512961387634,0.026852373033761978,0.04701465740799904,0.06301821023225784,0.11548221111297607,0.02998868003487587,0.05769353359937668,0.0582769438624382,0.027307694777846336,0.03198890760540962,0.06391921639442444,0.045431334525346756
T1110,0.03965600207448006,0.04049979895353317,0.05629643425345421,0.04923819378018379,0.03914010897278786,0.052545011043548584,0.04175795987248421,0.041105303913354874,0.03965291753411293,0.049989473074674606,0.04401826858520508,0.042688995599746704,0.05225684121251106,0.07138369232416153,0.04368242248892784,0.05255750194191933,0.049458444118499756,0.04280037805438042,0.05290282145142555,0.05138564109802246,0.04698380082845688
T1087,0.03127242624759674,0.036399368196725845,0.04096274822950363,0.06014939770102501,0.025246571749448776,0.05813799425959587,0.033792126923799515,0.03733137995004654,0.03718239814043045,0.06747935712337494,0.040591202676296234,0.04272618144750595,0.09739173948764801,0.0770656019449234,0.03618844226002693,0.05321230739355087,0.0370195098221302,0.048495352268218994,0.05225051939487457,0.04516246169805527,0.04194287583231926
T1201,0.0339253768324852,0.034874241799116135,0.060990110039711,0.05278836190700531,0.05067535489797592,0.05901433899998665,0.03547356277704239,0.04142884537577629,0.03370033949613571,0.045499660074710846,0.04244965687394142,0.03632300719618797,0.07175955176353455,0.08056661486625671,0.0362255685031414,0.043007589876651764,0.05222955346107483,0.0335376150906086,0.04976065829396248,0.05496140196919441,0.05080857872962952
T1614,0.030035294592380524,0.03986391797661781,0.03317803516983986,0.06861312687397003,0.022189341485500336,0.05065193027257919,0.031912676990032196,0.03272325545549393,0.03893072158098221,0.08503004163503647,0.04566813260316849,0.03916279599070549,0.07582863420248032,0.08484097570180893,0.03453529626131058,0.04458514228463173,0.04772023856639862,0.0469144806265831,0.042651791125535965,0.052974190562963486,0.05198996886610985
T1012,0.03451084345579147,0.04467194899916649,0.024271726608276367,0.07565658539533615,0.019667739048600197,0.03688334301114082,0.02738494798541069,0.036452766507864,0.044586602598428726,0.09558233618736267,0.04075147956609726,0.04204529896378517,0.06725223362445831,0.08916498720645905,0.035327862948179245,0.04576139524579048,0.042418934404850006,0.06036381423473358,0.039706502109766006,0.05066211149096489,0.04687655717134476
T1217,0.027373651042580605,0.04660342261195183,0.02141462080180645,0.06856928020715714,0.008221487514674664,0.024607835337519646,0.019065259024500847,0.026182755827903748,0.03170132637023926,0.15643557906150818,0.03821437060832977,0.026944473385810852,0.06355591863393784,0.11373504251241684,0.02522549033164978,0.0408855639398098,0.04337986186146736,0.0687665119767189,0.042271796613931656,0.049703340977430344,0.05714244768023491
T1496,0.039037954062223434,0.058165837079286575,0.050637949258089066,0.044266048818826675,0.040911734104156494,0.041184861212968826,0.050976358354091644,0.04547664895653725,0.03601912409067154,0.056863054633140564,0.04243246465921402,0.03971528261899948,0.0420972965657711,0.07391403615474701,0.03962940350174904,0.04752230644226074,0.04915996640920639,0.05122228339314461,0.04356206953525543,0.04830191656947136,0.058903466910123825
T1057,0.034359436482191086,0.0507693774998188,0.04527806490659714,0.0608399473130703,0.0283807422965765,0.041548024863004684,0.038785193115472794,0.04065294936299324,0.03980731591582298,0.07998490333557129,0.034807220101356506,0.04264434054493904,0.06435394287109375,0.08476336300373077,0.03362511470913887,0.04835426062345505,0.040762241929769516,0.05345775559544563,0.04209843650460243,0.04737502336502075,0.0473523810505867
T1586,0.023861277848482132,0.038131412118673325,0.044089339673519135,0.03976080194115639,0.03302432969212532,0.06291313469409943,0.058928169310092926,0.03494326397776604,0.038813114166259766,0.05305348336696625,0.03174206241965294,0.034957822412252426,0.051732387393713,0.09080880135297775,0.040848489850759506,0.059308137744665146,0.06817680597305298,0.030883705243468285,0.05134398117661476,0.06640388816595078,0.04627557098865509
T1095,0.046434707939624786,0.0348505973815918,0.06753905117511749,0.059331852942705154,0.035923637449741364,0.06345275789499283,0.027932316064834595,0.036279164254665375,0.03832452744245529,0.05263017490506172,0.046681880950927734,0.04447624832391739,0.08489922434091568,0.049696680158376694,0.04274658113718033,0.04408017545938492,0.03981117531657219,0.04480433836579323,0.05735558271408081,0.03996415436267853,0.04278517886996269
T1197,0.029195567592978477,0.04055117443203926,0.029715467244386673,0.05282750725746155,0.028067274019122124,0.0483163483440876,0.05203774571418762,0.043417174369096756,0.04736367613077164,0.06616135686635971,0.027834173291921616,0.04491398110985756,0.05828332528471947,0.08845682442188263,0.041385263204574585,0.0659056082367897,0.04703662544488907,0.04540598392486572,0.04741610959172249,0.059804920107126236,0.03590387850999832
T1092,0.019051900133490562,0.02689899317920208,0.021461501717567444,0.059405360370874405,0.05997369810938835,0.07502398639917374,0.05706383287906647,0.04462222754955292,0.05098951980471611,0.03800540789961815,0.02799399197101593,0.04291373863816261,0.04360092803835869,0.09650596231222153,0.036156538873910904,0.05274774506688118,0.073077492415905,0.01883229799568653,0.033028796315193176,0.08426044136285782,0.03838565573096275
T1580,0.044433578848838806,0.03385087475180626,0.024788975715637207,0.07889827340841293,0.05293245241045952,0.056638915091753006,0.032276879996061325,0.03950616344809532,0.06324879825115204,0.05630696937441826,0.0589168556034565,0.056674178689718246,0.06184529885649681,0.05318622663617134,0.049548398703336716,0.037419114261865616,0.044457610696554184,0.043198686093091965,0.031050844117999077,0.04489295184612274,0.035927992314100266
T1518,0.029856830835342407,0.03579380735754967,0.025006521493196487,0.08938559144735336,0.03597995266318321,0.05282755196094513,0.029760923236608505,0.0430976003408432,0.04860708490014076,0.07661886513233185,0.03675227612257004,0.047015540301799774,0.08511839807033539,0.07963773608207703,0.029338020831346512,0.04061786085367203,0.0394340455532074,0.04369273781776428,0.03551454097032547,0.05173291265964508,0.044211212545633316
T1135,0.040524523705244064,0.039987143129110336,0.048649806529283524,0.06577826291322708,0.03991449624300003,0.05508263781666756,0.0365157388150692,0.0447552464902401,0.04196615517139435,0.05387163907289505,0.04018576815724373,0.047386426478624344,0.07948480546474457,0.057534359395504,0.03837274760007858,0.049857184290885925,0.03143957629799843,0.052622128278017044,0.05635113641619682,0.03996814787387848,0.03975208103656769
T1651,0.03506559133529663,0.05924494192004204,0.03477239981293678,0.05979203060269356,0.04672778397798538,0.03820692002773285,0.059836916625499725,0.04571719095110893,0.045097533613443375,0.054040536284446716,0.03469249978661537,0.04105104133486748,0.0339069664478302,0.09461493790149689,0.03489655628800392,0.04849638789892197,0.05783850699663162,0.03731951862573624,0.03183182328939438,0.05962246656417847,0.04722746089100838
T1213,0.028771059587597847,0.03588016703724861,0.018333347514271736,0.06855163723230362,0.034580379724502563,0.04697706550359726,0.04346424341201782,0.047084011137485504,0.06963417679071426,0.06609184294939041,0.02287285216152668,0.05402032658457756,0.04742646962404251,0.078493133187294,0.044084902852773666,0.06294029951095581,0.05235622078180313,0.041495222598314285,0.034915465861558914,0.0690237283706665,0.033003468066453934
T1482,0.039938170462846756,0.02686936967074871,0.058419350534677505,0.06863002479076385,0.034199852496385574,0.08276814967393875,0.02007693238556385,0.028177550062537193,0.035591334104537964,0.055639300495386124,0.06336382031440735,0.03588694706559181,0.11330664157867432,0.04622438922524452,0.03782619908452034,0.03137291967868805,0.0476040281355381,0.0355624221265316,0.04898037388920784,0.04051888361573219,0.049043357372283936
T1529,0.05236489325761795,0.04487838223576546,0.07322812080383301,0.0537070706486702,0.03674054890871048,0.040864478796720505,0.027614952996373177,0.03827189654111862,0.030812248587608337,0.05087962746620178,0.08503872156143188,0.04146895557641983,0.05126320198178291,0.05138196423649788,0.04712045192718506,0.03527913615107536,0.03953882306814194,0.05774077773094177,0.04875778779387474,0.03425775095820427,0.058790162205696106
T1592,0.02815331518650055,0.04485708102583885,0.02638522908091545,0.058977048844099045,0.027541644871234894,0.04511311277747154,0.03836805745959282,0.03701360896229744,0.041198961436748505,0.09020048379898071,0.03600006178021431,0.03695157170295715,0.06184886395931244,0.10230480134487152,0.033830251544713974,0.04920656606554985,0.05099542811512947,0.04841573163866997,0.037641752511262894,0.05613410845398903,0.04886230081319809
T1010,0.03575875237584114,0.05223944038152695,0.03489362448453903,0.05907226726412773,0.01899380423128605,0.0336526483297348,0.04133368656039238,0.03960663080215454,0.04210104048252106,0.09176899492740631,0.028720218688249588,0.04287991300225258,0.05330875515937805,0.08322169631719589,0.03706185147166252,0.060981132090091705,0.03862960636615753,0.06538616120815277,0.050340451300144196,0.049507446587085724,0.04054189473390579
T1207,0.048262085765600204,0.0280707199126482,0.08638368546962738,0.052032288163900375,0.026495028287172318,0.06646469980478287,0.017498934641480446,0.03672325611114502,0.03163907304406166,0.05128905549645424,0.03682655468583107,0.04838985577225685,0.12607254087924957,0.028389811515808105,0.03865452855825424,0.04321793094277382,0.024326149374246597,0.05393698439002037,0.08557409793138504,0.030388282611966133,0.03936443850398064
T1491,0.01929118111729622,0.04758621007204056,0.022713687270879745,0.05095895379781723,0.02395656332373619,0.03057747893035412,0.04643863067030907,0.04842411354184151,0.03083409182727337,0.06673876941204071,0.04737943038344383,0.037674568593502045,0.03430700674653053,0.16616961359977722,0.03081030771136284,0.05060172826051712,0.05205220729112625,0.045884281396865845,0.02952670492231846,0.057152438908815384,0.06092202290892601
T1526,0.03709220141172409,0.028867457062005997,0.0227613877505064,0.07634129375219345,0.038670655339956284,0.06137006729841232,0.0320776030421257,0.037612590938806534,0.06700333207845688,0.06670228391885757,0.04750511422753334,0.05624830350279808,0.05876752361655235,0.06936061382293701,0.048433396965265274,0.0447402261197567,0.040555696934461594,0.04555091634392738,0.03552590683102608,0.05128658935427666,0.03352681174874306
T1115,0.028991887345910072,0.03809579461812973,0.022629138082265854,0.06306169927120209,0.02114279940724373,0.04784458875656128,0.030599767342209816,0.03908346965909004,0.04337235540151596,0.07435353845357895,0.03902655094861984,0.0387454517185688,0.06264680624008179,0.10384942591190338,0.04106768220663071,0.05502403527498245,0.051352500915527344,0.04811403900384903,0.04463687911629677,0.06230638548731804,0.04405518248677254
T1654,0.04232984408736229,0.053102776408195496,0.06264578551054001,0.03601296246051788,0.01880529336631298,0.0463823638856411,0.04557168483734131,0.03535580262541771,0.034974355250597,0.08146390318870544,0.02462913654744625,0.043328046798706055,0.07806438952684402,0.0653052106499672,0.03898383677005768,0.06498660892248154,0.03253014013171196,0.06204398348927498,0.059369783848524094,0.038759175688028336,0.03535494953393936
T1647,0.030688494443893433,0.02614324539899826,0.02544170431792736,0.05771523714065552,0.022686930373311043,0.05089476332068443,0.030211204662919044,0.02335295081138611,0.04068445786833763,0.07738975435495377,0.08773607760667801,0.028275268152356148,0.05895344540476799,0.08727633208036423,0.04926535114645958,0.0416533388197422,0.0615580715239048,0.046147312968969345,0.044842809438705444,0.058292511850595474,0.05079067870974541
T1610,0.030620357021689415,0.03517531976103783,0.04187983646988869,0.04680732265114784,0.05529680848121643,0.07377346605062485,0.05545385926961899,0.04402903839945793,0.04160359129309654,0.033095359802246094,0.0394863486289978,0.04148940369486809,0.05800951272249222,0.056882862001657486,0.04832417517900467,0.061619073152542114,0.053584109991788864,0.02802347205579281,0.0562996007502079,0.05920005589723587,0.03934638574719429
T1652,0.04078563302755356,0.08315359055995941,0.04014098271727562,0.02837342768907547,0.01834048144519329,0.025275878608226776,0.05906298756599426,0.03118051402270794,0.03363581374287605,0.12794694304466248,0.02733776904642582,0.022115377709269524,0.03567605838179588,0.0725269466638565,0.02826615236699581,0.04326802119612694,0.05006442964076996,0.06445306539535522,0.044066909700632095,0.050183169543743134,0.07414597272872925
T1613,0.04333626478910446,0.0214068666100502,0.01079799234867096,0.10299120843410492,0.021405348554253578,0.029951967298984528,0.018537398427724838,0.03836444765329361,0.042234212160110474,0.06988140940666199,0.07330941408872604,0.028847981244325638,0.06758376955986023,0.06521724909543991,0.04811347275972366,0.04756522923707962,0.02782439813017845,0.07155638188123703,0.07210566103458405,0.0501372255384922,0.04883205145597458
T1615,0.027778025716543198,0.03831613436341286,0.029207834973931313,0.0797647014260292,0.013500723987817764,0.03573431447148323,0.02473381720483303,0.05095398426055908,0.03504090756177902,0.08890551328659058,0.027094053104519844,0.0390874445438385,0.08212096244096756,0.07621866464614868,0.029072972014546394,0.05589592456817627,0.0328584760427475,0.06682774424552917,0.05829577147960663,0.049830369651317596,0.05876168608665466
T1619,0.046842798590660095,0.017413433641195297,0.023096304386854172,0.11159960180521011,0.031455427408218384,0.06599722802639008,0.013326562009751797,0.0316743329167366,0.05438484251499176,0.045405492186546326,0.08937977999448776,0.0435539111495018,0.10315588116645813,0.04268666356801987,0.0506305992603302,0.0336138978600502,0.03127863630652428,0.04270930215716362,0.05151538923382759,0.03996274247765541,0.030317161232233047
